id,title,score,num_comments,author,created_utc,url,over_18,edited,spoiler,stickied
1jrua8r,How to spot ‚Äújust do the work‚Äù teams at big tech companies during interviews,87,15,Volody_,2025-04-05 03:25:58,https://www.reddit.com/r/dataengineering/comments/1jrua8r/how_to_spot_just_do_the_work_teams_at_big_tech/,False,False,False,False
1jrpm5h,Is Apache NiFi a Good Choice for a Final Year Project Compared to SSIS?,12,17,BoringMeasurement263,2025-04-04 23:17:49,https://www.reddit.com/r/dataengineering/comments/1jrpm5h/is_apache_nifi_a_good_choice_for_a_final_year/,False,False,False,False
1js2xp0,fast-jupyter to rapidly create best science notebook projects,12,5,n_orm,2025-04-05 13:01:48,https://www.reddit.com/r/dataengineering/comments/1js2xp0/fastjupyter_to_rapidly_create_best_science/,False,False,False,False
1js4u96,Do you speak to business stakeholders?,7,14,ivanovyordan,2025-04-05 14:36:01,https://www.reddit.com/r/dataengineering/comments/1js4u96/do_you_speak_to_business_stakeholders/,False,False,False,False
1js9zoc,Project Showcase - Age of Empires (v2),6,3,Knockx2,2025-04-05 18:24:15,https://www.reddit.com/r/dataengineering/comments/1js9zoc/project_showcase_age_of_empires_v2/,False,False,False,False
1jrzvnp,Scala for Spark,4,6,Various-Ad-6587,2025-04-05 09:46:43,https://www.reddit.com/r/dataengineering/comments/1jrzvnp/scala_for_spark/,False,False,False,False
1jrvd3e,Unit Testing,4,1,nifty60,2025-04-05 04:28:51,https://www.reddit.com/r/dataengineering/comments/1jrvd3e/unit_testing/,False,False,False,False
1jry6ua,Which setup to use for a high-level financial transactions environment?,6,8,RegularElevator6969,2025-04-05 07:38:48,https://www.reddit.com/r/dataengineering/comments/1jry6ua/which_setup_to_use_for_a_highlevel_financial/,False,False,False,False
1jrohrl,Question about file sync,3,2,CraftedLove,2025-04-04 22:25:11,https://www.reddit.com/r/dataengineering/comments/1jrohrl/question_about_file_sync/,False,False,False,False
1jrm80y,Marketing Report & Fivetran,3,8,bcsamsquanch,2025-04-04 20:45:27,https://www.reddit.com/r/dataengineering/comments/1jrm80y/marketing_report_fivetran/,False,False,False,False
1js9lbp,How to select good dataset for portfolio project?,1,1,AcanthopterygiiNo330,2025-04-05 18:07:11,https://www.reddit.com/r/dataengineering/comments/1js9lbp/how_to_select_good_dataset_for_portfolio_project/,False,False,False,False
1jsalcq,Free sample Streaming Kafka data service,4,0,Emotional_Milk1231,2025-04-05 18:50:30,https://www.reddit.com/r/dataengineering/comments/1jsalcq/free_sample_streaming_kafka_data_service/,False,False,False,False
1jsacyd,Blog: Apache Iceberg Disaster Recovery Guide,1,0,AMDataLake,2025-04-05 18:40:27,https://www.dremio.com/blog/disaster-recovery-for-apache-iceberg-tables-restoring-from-backup-and-getting-back-online/,False,False,False,False
1js8143,üì£Call for Presentations is OPEN for Flink Forward 2025 in Barcelona,2,0,wildbreaker,2025-04-05 16:59:48,https://www.reddit.com/r/dataengineering/comments/1js8143/call_for_presentations_is_open_for_flink_forward/,False,False,False,False
1js7wie,Inside Data Engineering with Vu Trinh,1,0,mjfnd,2025-04-05 16:54:05,https://www.junaideffendi.com/p/inside-data-engineering-with-vu-trinh?r=cqjft,False,False,False,False
1jrr3l3,How would you approach building a national data infrastructure from scratch in a country that has never done it before?,1,4,TheSoftBread,2025-04-05 00:31:35,https://www.reddit.com/r/dataengineering/comments/1jrr3l3/how_would_you_approach_building_a_national_data/,False,False,False,False
1jrr1x9,Improving data entry quality over or in excel?,1,4,finite_user_names,2025-04-05 00:29:17,https://www.reddit.com/r/dataengineering/comments/1jrr1x9/improving_data_entry_quality_over_or_in_excel/,False,False,False,False
1js0hvt,Parsing XML Files Using Talend,0,0,Primary_Narwhal6562,2025-04-05 10:31:02,https://www.reddit.com/r/dataengineering/comments/1js0hvt/parsing_xml_files_using_talend/,False,False,False,False
1js6wv5,Has anyone checked out DATACON,0,0,Altruistic_Source98,2025-04-05 16:10:19,https://www.reddit.com/r/dataengineering/comments/1js6wv5/has_anyone_checked_out_datacon/,False,False,False,False
1jrqetm,Applied Statistics MSc to get into entry-level DE role?,0,6,Normal-Bandicoot-180,2025-04-04 23:57:22,https://www.reddit.com/r/dataengineering/comments/1jrqetm/applied_statistics_msc_to_get_into_entrylevel_de/,False,False,False,False
